subset_size,r2_value,test_accuracy,test_loss,reddit_loss,reddit_accuracy,twitter_rd_loss,twitter_rd_accuracy,fin_sent_loss,fin_sent_accuracy,kindle_loss,kindle_accuracy,rottent_tomatoes_loss,rottent_tomatoes_accuracy,sst2_loss,sst2_accuracy,tweet_eval_loss,tweet_eval_accuracy,yelp_loss,yelp_accuracy,mean_odd_accuracy,mean_odd_loss
2500,0.8272682448702291,0.84924,0.3549751937389374,0.6932565569877625,0.6044717302028456,0.63157719373703,0.6324913231500213,0.5177520513534546,0.7636430678466076,0.3418581485748291,0.8563333333333333,0.47058844566345215,0.7786116322701688,0.4169584810733795,0.8061926605504587,0.6353452801704407,0.6377030981935614,0.30905336141586304,0.878421052631579,0.744733487272322,0.5020486898720264
5000,0.8329923889417082,0.86464,0.3151463568210602,0.8665074110031128,0.5547766208984942,0.7292125225067139,0.6101449544349375,0.5268211960792542,0.7330383480825958,0.35863029956817627,0.8526666666666667,0.4276934564113617,0.8030018761726079,0.35075893998146057,0.8451834862385321,0.6921607851982117,0.6226662629932385,0.28747233748435974,0.8839473684210526,0.7381781979885156,0.5299071185290813
7500,0.834808019959378,0.87212,0.309031218290329,0.8406856060028076,0.5572240428091426,0.7468550801277161,0.5874088234748233,0.5527913570404053,0.754424778761062,0.3437538146972656,0.8595833333333334,0.5038215517997742,0.7851782363977486,0.35966023802757263,0.8497706422018348,0.6702209115028381,0.627813099202745,0.281490296125412,0.8859736842105264,0.738422080048902,0.5374098569154739
10000,0.8358120781610308,0.87452,0.2919221818447113,0.7233945727348328,0.6126851122080723,0.6670918464660645,0.6360919838898272,0.5182496905326843,0.7485250737463127,0.34751346707344055,0.858,0.42135927081108093,0.801125703564728,0.3309265375137329,0.8600917431192661,0.6277120113372803,0.6587950348168332,0.27516573667526245,0.885421052631579,0.7575919629970773,0.48892664164304733
12500,0.8362988372744733,0.87344,0.298308789730072,0.7922638654708862,0.5947650060148505,0.7255043387413025,0.6074166187197239,0.5374146699905396,0.745575221238938,0.32972073554992676,0.8690833333333333,0.44963550567626953,0.8151969981238274,0.3455493748188019,0.8623853211009175,0.6710197329521179,0.6378040165506106,0.3160073161125183,0.8608947368421053,0.7491401564905383,0.5208894424140453
15000,0.8366101060330036,0.88776,0.2910977303981781,0.9052905440330505,0.590616833284938,0.7619272470474243,0.6238051931179124,0.5631056427955627,0.7072271386430679,0.38070833683013916,0.8615833333333334,0.49560409784317017,0.8039399624765479,0.3577328026294708,0.8635321100917431,0.6526983976364136,0.6711070743768291,0.3062640428543091,0.8653421052631579,0.7483942188234411,0.5529163889586926
17500,0.836960301184997,0.87796,0.2845411002635956,0.589836597442627,0.6873522213464969,0.577087938785553,0.694222238720095,0.5399609208106995,0.7039085545722714,0.3093460202217102,0.8680833333333333,0.47752639651298523,0.7842401500938087,0.36373814940452576,0.8211009174311926,0.5898228287696838,0.6925017660712484,0.32796013355255127,0.8463947368421053,0.762225489801319,0.47190987318754196
20000,0.8371864863096644,0.86952,0.29527366161346436,0.9104325771331787,0.527440162608371,0.8061007261276245,0.5532953469811986,0.6289886832237244,0.6670353982300885,0.382894366979599,0.8409166666666666,0.39363425970077515,0.8198874296435272,0.30327120423316956,0.8807339449541285,0.7370651364326477,0.5643354526188313,0.30291876196861267,0.8772105263157894,0.7163568660023252,0.5581632144749165
22500,0.837203001344333,0.8856,0.2719684839248657,0.8682031631469727,0.5198075247853321,0.7599721550941467,0.5642643701627721,0.6208462715148926,0.6987463126843658,0.35833030939102173,0.8475833333333334,0.3783220648765564,0.8227016885553471,0.2833051085472107,0.8887614678899083,0.726415753364563,0.5779594308204662,0.30692481994628906,0.8711842105263158,0.7238760423447301,0.5377899557352066
25000,0.8375351707573807,0.87224,0.2976611256599426,0.8337579965591431,0.5601692454473804,0.7168828248977661,0.6039829989420739,0.6097807288169861,0.6873156342182891,0.39888209104537964,0.84075,0.37875527143478394,0.8217636022514071,0.2836867868900299,0.8853211009174312,0.6682453155517578,0.6154001412856999,0.3023315668106079,0.8791578947368421,0.7367325772248905,0.5240403227508068
