subset_size,r2_value,test_accuracy,test_loss,reddit_loss,reddit_accuracy,twitter_rd_loss,twitter_rd_accuracy,fin_sent_loss,fin_sent_accuracy,kindle_loss,kindle_accuracy,rottent_tomatoes_loss,rottent_tomatoes_accuracy,imdb_loss,imdb_accuracy,tweet_eval_loss,tweet_eval_accuracy,yelp_loss,yelp_accuracy,mean_odd_accuracy,mean_odd_loss
5387,0.8325133956563037,0.8947290274684484,0.2522113621234894,0.9570093154907227,0.5243290330609367,0.9133320450782776,0.5456300228289315,0.6500097513198853,0.6688790560471977,0.44711101055145264,0.7811666666666667,0.37482669949531555,0.8424015009380863,0.4317333698272705,0.79568,0.8560258746147156,0.5178120900191745,0.34819650650024414,0.839,0.6893622961951241,0.6222805716097355
10774,0.8351645107411472,0.9083890126206384,0.23360879719257355,0.953726053237915,0.5911975774671258,0.871715247631073,0.6200189313090443,0.5726127624511719,0.7433628318584071,0.4592876434326172,0.8093333333333333,0.3914858400821686,0.848968105065666,0.3952668607234955,0.82452,0.8587812185287476,0.6013724896558684,0.27687373757362366,0.8837894736842106,0.740320342796707,0.5974686704576015
16161,0.8361134084123776,0.9210096510764663,0.2216118425130844,1.012404441833496,0.5814078898245323,0.9117639660835266,0.6089385474860335,0.6176102161407471,0.758480825958702,0.47016429901123047,0.83,0.40578508377075195,0.8696060037523452,0.4484218657016754,0.82716,1.0205217599868774,0.5640326975476839,0.320365846157074,0.8729736842105263,0.739074956097478,0.6508796848356724
21548,0.8366398954331562,0.9303637713437268,0.21383436024188995,1.2105385065078735,0.5664744679968474,1.126426339149475,0.574490989068097,0.7305505871772766,0.726401179941003,0.4619008004665375,0.8361666666666666,0.3995240032672882,0.8846153846153846,0.44155576825141907,0.83672,1.2258718013763428,0.5467756584922797,0.3201858699321747,0.8746578947368421,0.73078778018964,0.7395692095160484
26935,0.8368270873776312,0.9265033407572383,0.19731098413467407,0.9769210815429688,0.5862612519185298,0.8653586506843567,0.6130588912192134,0.5881152749061584,0.7433628318584071,0.4649370014667511,0.8241666666666667,0.37753501534461975,0.8780487804878049,0.40754956007003784,0.83892,0.8993260264396667,0.5974366737309517,0.29109272360801697,0.8827631578947368,0.7455022817220388,0.608854416757822
32322,0.8370110649892851,0.9294729027468448,0.18864569067955017,0.9520117044448853,0.5691292985439914,0.8528768420219421,0.5926984539430947,0.7479416131973267,0.6242625368731564,0.47136813402175903,0.81975,0.33704182505607605,0.8846153846153846,0.4302038252353668,0.8244,0.9741409420967102,0.5376930063578564,0.3336627185344696,0.8620263157894736,0.7143218745153697,0.637405950576067
37709,0.8371291911691646,0.9337787676317744,0.18468749523162842,1.0877220630645752,0.5525780893516407,0.9979166984558105,0.5679763915440152,0.8969504833221436,0.5792772861356932,0.5288430452346802,0.79675,0.3550611436367035,0.8883677298311444,0.44596067070961,0.819,1.1830997467041016,0.4980320920375416,0.34826183319091797,0.8569736842105263,0.6948694091388201,0.7304769605398178
43096,0.8372536244821148,0.9371937639198218,0.1793401539325714,1.1092225313186646,0.5482639897125317,1.0132575035095215,0.5691085580652945,0.6516368985176086,0.6980088495575221,0.4218575060367584,0.8374166666666667,0.3563624620437622,0.8836772983114447,0.41983094811439514,0.831,1.0208396911621094,0.5453628014935917,0.297839879989624,0.8775,0.7237922704758813,0.6613559275865555
48483,0.8374124401353322,0.9441722345953972,0.18907739222049713,1.6245300769805908,0.5401750528892023,1.4684531688690186,0.5589561795875945,0.9179368019104004,0.6670353982300885,0.5921893119812012,0.8280833333333333,0.42639783024787903,0.8986866791744841,0.46783626079559326,0.842,1.6781487464904785,0.503078009889999,0.34296345710754395,0.8806315789473684,0.7148307790065087,0.9398069567978382
53870,0.8373761403294092,0.9521900519673349,0.1765681803226471,1.5489519834518433,0.5511262288961712,1.3788933753967285,0.5738599454332857,0.9019126296043396,0.7035398230088495,0.6845782995223999,0.8075,0.46985191106796265,0.8893058161350844,0.5100569725036621,0.83844,1.5774513483047485,0.5429407609244121,0.37782591581344604,0.8708684210526316,0.7221976244313043,0.9311903044581413
